CSE,2018-2019,1,2,1,Tuesday,1,Programming through C,97CSE004,11:00 PM - 12:00PM
CSE,2018-2019,1,2,1,Tuesday,3,EC/PC LAB,97CSE004,12:40 PM - 01:40 PM
CSE,2018-2019,1,2,1,Tuesday,3,EC/PC LAB,97CSE004,01:40 PM - 02:40 PM
CSE,2018-2019,1,2,1,Tuesday,3,EC/PC LAB,97CSE004,02:40 PM - 03:40 PM
CSE,2018-2019,1,2,1,Wednesday,3,EC/PC LAB,97CSE004,09:00 AM - 10:00 AM
CSE,2018-2019,1,2,1,Wednesday,3,EC/PC LAB,97CSE004,10:00 AM - 11:00 PM
CSE,2018-2019,1,2,1,Wednesday,3,EC/PC LAB,97CSE004,11:00 PM - 12:00PM
CSE,2018-2019,1,2,1,Wednesday,1,Programming through C,97CSE004,01:40 PM - 02:40 PM
CSE,2018-2019,1,2,1,Thursday,1,Programming through C,97CSE004,09:00 AM - 10:00 AM
CSE,2018-2019,1,2,1,Friday,1,Programming through C,97CSE004,10:00 AM - 11:00 PM
CSE,2018-2019,1,2,1,Saturday,1,Programming through C,97CSE004,12:40 PM - 01:40 PM
CSE,2018-2019,1,2,2,Tuesday,1,Programming through C,16CSE102,11:00 PM - 12:00PM
CSE,2018-2019,1,2,2,Wednesday,3,EC/PC LAB,16CSE102,09:00 AM - 10:00 AM
CSE,2018-2019,1,2,2,Wednesday,3,EC/PC LAB,16CSE102,10:00 AM - 11:00 PM
CSE,2018-2019,1,2,2,Wednesday,3,EC/PC LAB,16CSE102,11:00 PM - 12:00PM
CSE,2018-2019,1,2,2,Thursday,3,EC/PC LAB,16CSE102,12:40 PM - 01:40 PM
CSE,2018-2019,1,2,2,Thursday,3,EC/PC LAB,16CSE102,01:40 PM - 02:40 PM
CSE,2018-2019,1,2,2,Thursday,3,EC/PC LAB,16CSE102,02:40 PM - 03:40 PM
CSE,2018-2019,1,2,2,Friday,1,Programming through C,16CSE102,11:00 PM - 12:00PM
CSE,2018-2019,1,2,2,Saturday,1,Programming through C,16CSE102,09:00 AM - 10:00 AM
CSE,2018-2019,1,2,2,Saturday,1,Programming through C,16CSE102,12:40 PM - 01:40 PM
CSE,2018-2019,1,2,3,Monday,3,EC/PC LAB,98CSE011,09:00 AM - 10:00 AM
CSE,2018-2019,1,2,3,Monday,3,EC/PC LAB,98CSE011,10:00 AM - 11:00 PM
CSE,2018-2019,1,2,3,Monday,3,EC/PC LAB,98CSE011,11:00 PM - 12:00PM
CSE,2018-2019,1,2,3,Tuesday,1,Programming through C,98CSE011,11:00 PM - 12:00PM
CSE,2018-2019,1,2,3,Wednesday,1,Programming through C,98CSE011,09:00 AM - 10:00 AM
CSE,2018-2019,1,2,3,Thursday,3,EC/PC LAB,98CSE011,09:00 AM - 10:00 AM
CSE,2018-2019,1,2,3,Thursday,3,EC/PC LAB,98CSE011,10:00 AM - 11:00 PM
CSE,2018-2019,1,2,3,Thursday,3,EC/PC LAB,98CSE011,11:00 PM - 12:00PM
CSE,2018-2019,1,2,3,Friday,1,Programming through C,98CSE011,12:40 PM - 01:40 PM
CSE,2018-2019,1,2,3,Saturday,1,Programming through C,98CSE011,10:00 AM - 11:00 PM
CSE,2018-2019,1,2,3,Saturday,1,Programming through C,98CSE011,12:40 PM - 01:40 PM
CSE,2018-2019,1,2,4,Monday,1,Programming through C,00CSE003,11:00 PM - 12:00PM
CSE,2018-2019,1,2,4,Tuesday,3,EC/PC LAB,00CSE003,12:40 PM - 01:40 PM
CSE,2018-2019,1,2,4,Tuesday,3,EC/PC LAB,00CSE003,01:40 PM - 02:40 PM
CSE,2018-2019,1,2,4,Tuesday,3,EC/PC LAB,00CSE003,02:40 PM - 03:40 PM
CSE,2018-2019,1,2,4,Thursday,1,Programming through C,00CSE003,12:40 PM - 01:40 PM
CSE,2018-2019,1,2,4,Friday,3,EC/PC LAB,00CSE003,09:00 AM - 10:00 AM
CSE,2018-2019,1,2,4,Friday,3,EC/PC LAB,00CSE003,10:00 AM - 11:00 PM
CSE,2018-2019,1,2,4,Friday,3,EC/PC LAB,00CSE003,11:00 PM - 12:00PM
CSE,2018-2019,1,2,4,Friday,1,Programming through C,00CSE003,01:40 PM - 02:40 PM
CSE,2018-2019,1,2,4,Saturday,1,Programming through C,00CSE003,09:00 AM - 10:00 AM
CSE,2018-2019,1,2,4,Saturday,1,Programming through C,00CSE003,12:40 PM - 01:40 PM
,,,,,,,,,
,,,,,,,,,
,,,,,,,,,
,,,,,,,,,
,,,,,,,,,
,,,,,,,,,
,,,,,,,,,
,,,,,,,,,
,,,,,,,,,
,,,,,,,,,
,,,,,,,,,
,,,,,,,,,
,,,,,,,,,
,,,,,,,,,
,,,,,,,,,
,,,,,,,,,
,,,,,,,,,
,,,,,,,,,
,,,,,,,,,
,,,,,,,,,
,,,,,,,,,
,,,,,,,,,
,,,,,,,,,
,,,,,,,,,
,,,,,,,,,
,,,,,,,,,
,,,,,,,,,
,,,,,,,,,
,,,,,,,,,
,,,,,,,,,
,,,,,,,,,
,,,,,,,,,
,,,,,,,,,
,,,,,,,,,
,,,,,,,,,
,,,,,,,,,
,,,,,,,,,
,,,,,,,,,
,,,,,,,,,
,,,,,,,,,
,,,,,,,,,
,,,,,,,,,
,,,,,,,,,
,,,,,,,,,
,,,,,,,,,
,,,,,,,,,
,,,,,,,,,
,,,,,,,,,
,,,,,,,,,
,,,,,,,,,
,,,,,,,,,
,,,,,,,,,
,,,,,,,,,
,,,,,,,,,
,,,,,,,,,
,,,,,,,,,
,,,,,,,,,
,,,,,,,,,
,,,,,,,,,
,,,,,,,,,
,,,,,,,,,
,,,,,,,,,
,,,,,,,,,
,,,,,,,,,
,,,,,,,,,
,,,,,,,,,
,,,,,,,,,
,,,,,,,,,
,,,,,,,,,
,,,,,,,,,
,,,,,,,,,
,,,,,,,,,
